user_id;group;task_id;prompt_count;timestamp
60d6283c-4b2a-4fc4-b701-12c506d7cc32;B;1;3;2025-05-25T14:11:01.285268
60d6283c-4b2a-4fc4-b701-12c506d7cc32;B;2;1;2025-05-25T14:11:25.527543
60d6283c-4b2a-4fc4-b701-12c506d7cc32;B;3;1;2025-05-25T14:12:56.680542
e0af3d42-3cb3-4186-bf7c-f528cc293e0e;A;1;1;2025-05-25T17:18:01.645064
e0af3d42-3cb3-4186-bf7c-f528cc293e0e;A;2;1;2025-05-25T17:18:20.509084
e0af3d42-3cb3-4186-bf7c-f528cc293e0e;A;3;2;2025-05-25T17:18:54.067088
72cb9aa5-d6eb-4ce7-aa3c-0245e5383c4c;B;1;2;2025-05-26T09:06:08.823435
72cb9aa5-d6eb-4ce7-aa3c-0245e5383c4c;B;2;2;2025-05-26T09:07:26.625156
3e1951fb-3411-4d20-b999-fe9ecb0c2e7e;A;1;2;2025-05-26T10:38:56.490833
3e1951fb-3411-4d20-b999-fe9ecb0c2e7e;A;2;2;2025-05-26T10:39:49.606154
3e1951fb-3411-4d20-b999-fe9ecb0c2e7e;A;3;2;2025-05-26T10:40:39.951091
ec19b2a4-9e2e-4254-9fb7-1d955c38e60e;A;1;2;2025-05-26T11:14:57.257636
ec19b2a4-9e2e-4254-9fb7-1d955c38e60e;A;2;1;2025-05-26T11:15:28.212602
ec19b2a4-9e2e-4254-9fb7-1d955c38e60e;A;3;1;2025-05-26T11:15:54.347540
b11efbfa-60ab-472c-a395-00230d99c288;A;1;1;2025-05-26T12:48:50.905723
704f0b96-02fc-4668-9f0b-c253d1cbc47c;A;1;1;2025-05-26T12:56:58.795063
1dfd8d92-6a75-4175-a045-6915230186a1;A;1;1;2025-05-26T13:12:48.553644
ad5fee4d-7e45-4085-a72c-b2c2d5a6d454;A;1;1;2025-05-26T13:39:43.737477
15a82e07-9e0e-44e8-ac84-d7bf92679e36;A;1;1;2025-05-26T13:53:05.792851
389b78f4-48f2-46fd-b877-6eb721da66d5;B;1;1;2025-05-26T14:07:23.393624
518e6810-cda5-4cad-bd4c-6831d14577df;A;1;2;2025-05-26T14:37:05.772912
518e6810-cda5-4cad-bd4c-6831d14577df;A;2;1;2025-05-26T14:37:21.665615
518e6810-cda5-4cad-bd4c-6831d14577df;A;3;1;2025-05-26T14:37:43.131871
829ce4bf-38db-452e-a616-c545b62bcba1;B;1;1;2025-05-26T15:07:34.755774
829ce4bf-38db-452e-a616-c545b62bcba1;B;2;1;2025-05-26T15:08:21.324932
829ce4bf-38db-452e-a616-c545b62bcba1;B;3;1;2025-05-26T15:09:06.187128
a78d2096-e138-420e-bbb7-427da51a1907;B;1;1;2025-05-26T16:19:06.502861
a78d2096-e138-420e-bbb7-427da51a1907;B;2;1;2025-05-26T16:19:30.784604
a78d2096-e138-420e-bbb7-427da51a1907;B;3;1;2025-05-26T16:20:40.739619
3e653ecf-a8c5-434c-b25c-0364335b2240;A;1;1;2025-05-26T16:35:39.668496
3e653ecf-a8c5-434c-b25c-0364335b2240;A;2;1;2025-05-26T16:36:04.198561
3e653ecf-a8c5-434c-b25c-0364335b2240;A;3;1;2025-05-26T16:36:20.976527
315e8430-764e-49ba-bf06-7bb4d82ee550;B;1;1;2025-05-26T16:53:29.580494
315e8430-764e-49ba-bf06-7bb4d82ee550;B;2;1;2025-05-26T16:54:14.806919
fd0377f4-1f25-4f11-a8ad-2576c1608257;A;1;1;2025-05-26T17:02:55.158149
a9c4deae-1853-4b0a-ba6f-5dd0570438ca;B;1;1;2025-05-26T17:07:55.646932
a9c4deae-1853-4b0a-ba6f-5dd0570438ca;B;2;1;2025-05-26T17:08:14.777977
ff0e6905-215c-4e41-b034-eda80dd9e417;A;1;2;2025-05-26T17:28:40.155112
d85d72bb-5773-4cd8-9d5f-0acfd7183311;A;1;1;2025-05-26T17:39:36.581109
77309108-450b-411d-832e-6d6447535710;B;1;1;2025-05-26T17:45:30.541089
77309108-450b-411d-832e-6d6447535710;B;2;1;2025-05-26T17:46:43.039041
77309108-450b-411d-832e-6d6447535710;B;3;1;2025-05-26T17:47:08.198714
ca240a20-d819-4751-8a4e-fcc619392749;B;1;1;2025-05-26T18:18:42.809171
ca240a20-d819-4751-8a4e-fcc619392749;B;2;1;2025-05-26T18:19:38.756496
c46b3b89-00d0-4d7b-a09e-86550dbf9299;A;1;1;2025-05-26T18:36:54.799284
c46b3b89-00d0-4d7b-a09e-86550dbf9299;A;2;1;2025-05-26T18:37:55.909815
c46b3b89-00d0-4d7b-a09e-86550dbf9299;A;3;1;2025-05-26T18:38:23.537786
d9067709-a58f-4074-9ad2-b1c3e1c87572;B;1;1;2025-05-26T18:39:28.391657
d9067709-a58f-4074-9ad2-b1c3e1c87572;B;2;1;2025-05-26T18:39:49.700889
c3372216-5707-4c4a-8efe-2d01b6a37542;A;1;1;2025-05-26T19:36:14.889224
c3372216-5707-4c4a-8efe-2d01b6a37542;A;2;1;2025-05-26T19:36:30.548008
5195c8a9-ce82-4373-8ed7-c422390f79b5;B;1;1;2025-05-26T19:50:09.074825
5195c8a9-ce82-4373-8ed7-c422390f79b5;B;2;1;2025-05-26T19:50:27.037173
19db4d66-5d6b-4874-a17c-5230a1bdb8d0;A;1;1;2025-05-26T19:55:58.787467
41cff7b3-b2ac-4586-9d3d-898f9c37e26b;A;1;1;2025-05-26T19:57:11.128364
41cff7b3-b2ac-4586-9d3d-898f9c37e26b;A;2;1;2025-05-26T19:57:22.694888
41cff7b3-b2ac-4586-9d3d-898f9c37e26b;A;3;1;2025-05-26T19:58:22.345765
ff92c38c-c080-45aa-a997-5f16db18c345;B;1;1;2025-05-26T19:59:15.558478
ff92c38c-c080-45aa-a997-5f16db18c345;B;2;1;2025-05-26T19:59:34.130567
ee6b9b27-d9a4-4313-a258-47bc1ceb2809;A;1;1;2025-05-26T20:17:43.853165
ee6b9b27-d9a4-4313-a258-47bc1ceb2809;A;2;1;2025-05-26T20:18:04.083716
ee6b9b27-d9a4-4313-a258-47bc1ceb2809;A;3;1;2025-05-26T20:18:19.186671
3886b27e-54ce-48fa-854e-f775a10a929e;B;1;1;2025-05-26T20:19:27.773365
3886b27e-54ce-48fa-854e-f775a10a929e;B;2;1;2025-05-26T20:19:45.475100
3886b27e-54ce-48fa-854e-f775a10a929e;B;3;1;2025-05-26T20:32:50.298174
1de92c7e-be4d-43ea-9efd-20d9f87b6f5d;A;1;1;2025-05-26T20:34:24.004017
032c8761-aad2-4b97-9680-0bf1f0f0265e;B;1;1;2025-05-26T20:35:10.255273
032c8761-aad2-4b97-9680-0bf1f0f0265e;B;2;1;2025-05-26T20:35:28.551445
032c8761-aad2-4b97-9680-0bf1f0f0265e;B;3;1;2025-05-26T20:37:29.730441
eaf2d5e9-bf67-4177-b72b-51f487837629;B;1;1;2025-05-26T20:54:47.255899
eaf2d5e9-bf67-4177-b72b-51f487837629;B;2;1;2025-05-26T20:55:04.937590
ac1e0c19-6342-49c8-878c-c063876a9129;B;1;1;2025-05-26T20:56:52.655682
ac1e0c19-6342-49c8-878c-c063876a9129;B;2;1;2025-05-26T20:57:06.448769
fa8abc93-c131-435c-ad06-55d445465030;A;1;1;2025-05-26T21:02:48.571344
fa8abc93-c131-435c-ad06-55d445465030;A;2;1;2025-05-26T21:03:02.878392
fa8abc93-c131-435c-ad06-55d445465030;A;3;1;2025-05-26T21:03:16.955057
e4e4095e-4c6e-4be0-8e01-a0135832b58d;B;1;1;2025-05-26T21:05:28.173696
e4e4095e-4c6e-4be0-8e01-a0135832b58d;B;2;1;2025-05-26T21:05:53.181198
e4e4095e-4c6e-4be0-8e01-a0135832b58d;B;3;1;2025-05-26T21:07:02.176221
d1e89ace-4a6a-4974-b998-944a5a1e2fbd;A;1;1;2025-05-26T21:10:42.496098
0d442ab4-e8f8-4643-a14a-8882425f9437;B;1;1;2025-05-26T21:12:01.862639
0d442ab4-e8f8-4643-a14a-8882425f9437;B;2;1;2025-05-26T21:12:17.884391
75302fd5-454e-411a-97ce-c27f857d999d;B;1;1;2025-05-26T21:17:20.749091
75302fd5-454e-411a-97ce-c27f857d999d;B;2;1;2025-05-26T21:17:37.781755
ce44f71a-a638-4614-8e45-d4750ad56c30;B;1;1;2025-05-27T09:12:25.309929
c213d388-7aa0-4b48-9df0-7121469b45c8;A;1;1;2025-05-27T15:41:55.862083
78d6df64-1bcc-4f35-845c-3bb87b8de1ca;A;1;1;2025-05-27T15:54:18.313208
78d6df64-1bcc-4f35-845c-3bb87b8de1ca;A;2;1;2025-05-27T15:54:28.545052
78d6df64-1bcc-4f35-845c-3bb87b8de1ca;A;3;1;2025-05-27T15:54:38.101933
9f9db1af-ca6c-4f87-b000-c6720f679912;B;1;1;2025-05-29T10:17:16.936407
9f9db1af-ca6c-4f87-b000-c6720f679912;B;2;1;2025-05-29T10:17:32.732763
9f9db1af-ca6c-4f87-b000-c6720f679912;B;3;1;2025-05-29T10:17:52.915293
728c7dee-2759-48bc-b60e-7f22e9d198b4;A;1;1;2025-05-29T12:44:27.131152
728c7dee-2759-48bc-b60e-7f22e9d198b4;A;2;1;2025-05-29T12:44:42.210555
728c7dee-2759-48bc-b60e-7f22e9d198b4;A;3;1;2025-05-29T12:45:02.796364
5259d0b3-a5ce-40fd-8110-1ac93c17f653;B;1;2;2025-05-29T12:49:03.357039
5259d0b3-a5ce-40fd-8110-1ac93c17f653;B;2;1;2025-05-29T12:49:21.650951
3322a734-c679-44f7-821e-92fbfcaf2d97;A;1;1;2025-05-29T13:00:41.741528
fac0772c-428c-4051-88af-819e70a95620;B;1;1;2025-05-29T13:01:20.819806
fac0772c-428c-4051-88af-819e70a95620;B;2;1;2025-05-29T13:01:36.010238
b56131ea-4983-47f9-ac12-c274ef5685d5;B;1;1;2025-05-29T13:27:36.440386
b56131ea-4983-47f9-ac12-c274ef5685d5;B;2;1;2025-05-29T13:27:49.630761
542cac71-2685-43f2-b116-67531151525a;B;1;1;2025-05-29T13:38:16.562978
542cac71-2685-43f2-b116-67531151525a;B;2;1;2025-05-29T13:41:07.737770
542cac71-2685-43f2-b116-67531151525a;B;3;1;2025-05-29T13:42:33.223882
1c7b985d-6ce9-4f79-97dd-8ebbffbefe0a;A;1;1;2025-05-29T16:47:55.438509
1c7b985d-6ce9-4f79-97dd-8ebbffbefe0a;A;2;2;2025-05-29T16:51:55.384765
9ad2f27a-686d-470e-a86a-b9dc80a5dc37;B;1;1;2025-05-29T17:03:48.486353
abcfb1cf-718c-481c-b576-514b07dd98f4;A;1;1;2025-05-29T17:05:06.204041
abcfb1cf-718c-481c-b576-514b07dd98f4;A;2;1;2025-05-29T17:05:20.445222
ea1f6181-6676-4dbf-ad0e-cce7561f9164;B;1;1;2025-05-29T20:42:30.593267
ea1f6181-6676-4dbf-ad0e-cce7561f9164;B;2;1;2025-05-29T20:42:48.870093
aefc4648-cb13-4caa-8d5c-bd2673c6975a;A;1;1;2025-05-29T20:43:37.738756
aefc4648-cb13-4caa-8d5c-bd2673c6975a;A;2;1;2025-05-29T20:43:49.538105
