user_id;task_id;completion_status;task_start;timestamp;task_duration;difficulty;frustration;PE_difficulty;CL_mental;task_number;CL_frustration;mental_demand;PE_understanding;task_accomplishment;CL_performance;MQ_accuracy;expectation_match;accuracy
9848fe99-33b0-406d-ad1f-a97cc0367211;1;started;2025-07-20T09:20:00.321900;2025-07-20T09:20:00.321900;;;;;;;;;;;;;;
fb85aa37-8bf8-4b9c-bd9b-7e5fcc0a2044;1;completed;2025-07-20T09:25:24.721673;2025-07-20T15:19:40.643813;21255.922122;;;3.0;3.0;;3.0;;3.0;;3.0;3.0;;
fb85aa37-8bf8-4b9c-bd9b-7e5fcc0a2044;1;in_progress;;2025-07-20T15:19:38.644458;;3.0;3.0;3.0;3.0;1.0;3.0;3.0;;;;;;
fb85aa37-8bf8-4b9c-bd9b-7e5fcc0a2044;1;in_progress;;2025-07-20T15:19:38.644458;;3.0;3.0;3.0;3.0;1.0;3.0;3.0;3.0;3.0;3.0;3.0;3.0;3.0
fb85aa37-8bf8-4b9c-bd9b-7e5fcc0a2044;2;completed;2025-07-20T15:19:55.827642;2025-07-20T15:20:07.635392;11.807728;;;3.0;3.0;;3.0;;3.0;;3.0;3.0;;
fb85aa37-8bf8-4b9c-bd9b-7e5fcc0a2044;2;in_progress;;2025-07-20T15:20:03.403215;;3.0;3.0;3.0;3.0;2.0;3.0;3.0;;;;;;
fb85aa37-8bf8-4b9c-bd9b-7e5fcc0a2044;2;in_progress;;2025-07-20T15:20:03.403215;;3.0;3.0;3.0;3.0;2.0;3.0;3.0;3.0;3.0;3.0;3.0;3.0;3.0
4837b0cd-c3b1-46ba-afa4-84a3ccf9a088;1;started;2025-07-28T11:06:53.583121;2025-07-28T11:06:53.583121;;;;;;;;;;;;;;
9ef54427-960a-4bd7-b76e-9b6c1ba1d3a2;1;started;2025-07-29T11:44:48.886130;2025-07-29T11:44:48.886130;;;;;;;;;;;;;;
